full_name,date_of_birth
Barry Martinez,1990-01-10
Valerie Larson,1995-08-15
Michelle Brooks,1999-05-09
Kimberly Smith,2000-07-07
Janice Castaneda,1998-07-16
Rebecca Tran,2000-02-23
Justin Foster,1999-07-18
Dinesh kumar,1980-01-03
Veronica Perkins,2000-02-25
Scott Anderson,2001-01-06
Geoffrey Espinoza,1990-01-10
Brandon Padilla,2007-01-18
Ryan Anderson,1980-01-02
Brian Owens,2004-01-21
Alejandra Evans,1991-10-10
Maria Larson,1990-05-12
Ethan Erickson,1999-08-15
Yolanda Le,1987-02-02
Dawn Thompson,1998-08-26
Barbara Taylor,2000-09-16
Brittany Arnold,2000-10-21
Michael Rodriguez,2003-07-10
Dana Foster,1999-10-21
Mary Nguyen,1970-03-05
Patricia Esparza,1989-10-15
Richard Parker,1983-05-16
Scott Miller,2000-10-21
Tiffany Harrison,1992-10-09
Karen Moran,1970-02-02
Sherri Henry,2005-10-02
Casey Mccullough,2006-11-14
Victoria Smith,2000-12-16
Taylor Ward,1961-10-16
Sabrina Miller,1990-02-02
Darren Johnson,1995-10-15
Michael Coleman,1999-10-16
Logan Hoffman,2000-10-10
Douglas Lucero,1998-10-12
Nancy Wood,1978-02-03
Jennifer Frazier,2004-10-04
Terry Cohen,2002-10-16
Jacqueline Vazquez,1970-02-03
Keith Moore,1980-02-03
Victoria Smith,2001-08-15
Candice Collier,2000-06-15
Cheryl Martinez,1991-01-01
Adam Foley,1994-05-06
Ashley Sheppard,1999-02-25
Denise May,1998-08-08
Patricia Sullivan,1980-08-08
Samuel Smith,1980-08-08
Jessica Reed,1980-08-08
Desiree Frey,1990-08-08
Sean May,2000-12-01
Brian Espinoza,1975-06-17
Audrey Cooper,1997-10-22
Jeremy Carlson,1997-09-30
Mark Lowe,1960-10-01
Diana Farley,1994-10-01
James Schroeder,1976-01-02
Jessica Sawyer,2002-10-26
Jamie Watson,2001-08-09
Eric Ferguson,2009-09-09
Luke Henson,2009-09-09
Christian Brewer,1981-03-18
Renee Rodriguez,1990-09-09
Lynn Armstrong,1990-09-09
Felicia Fernandez,1994-12-15
Erica Frye,1978-08-04
Bethany Nelson,1987-02-03
Andrew Foster,2001-06-05
James Prince,1985-01-11
Richard Lee,1994-10-19
Molly Moore,1990-06-22
Kevin Leblanc,1992-10-19
Tammy Davis,1984-02-02
Ashley Lawrence,1995-09-01
Richard Horton,1990-10-19
Mark Benitez,1999-02-09
Andrea Butler,1987-10-13
Eric Hernandez,1990-10-01
Sandra Evans,2022-10-22
James Collins,1987-02-04
Karen Powell,1999-09-09
Amanda Espinoza,1995-10-02
Lisa Ramirez,1957-02-02
Laura Shaw,2003-04-04
Jared Thompson,1987-03-04
Peggy Park,1990-10-10
Frederick Powers,2006-08-09
Michelle Shepherd,1990-10-10
Eric Moore,1990-10-17
Heather Jones,2000-10-10
Gabriel Lewis,1999-06-24
Matthew Baker,1957-01-02
Mackenzie Mccann,1992-02-25
Laura Pena,1993-02-25
Jasmine Gutierrez,1993-03-25
Omar Wright,1990-05-25
Tina Fisher,1990-10-10
Patty Bonilla,1990-03-05
Rachel Harris,1990-10-16
Theresa Rose,1991-10-09
Angela Lewis,2001-10-03
Kyle Walker,1995-10-03
Lisa Glass,1997-10-03
John Anthony,1999-10-02
Nicole Berg,1990-10-02
Amy Moon,1993-10-02
Shannon Cook,1999-08-06
Dakota Rosario,1999-08-05
Matthew Oneill,1999-08-05
Vincent Rodriguez,1997-09-08
Cynthia Chavez,2001-09-08
Bradley Chandler,1990-05-05
Diana Smith,1992-06-01
Hannah Spencer,1992-06-01
Phillip Roberts,1992-02-15
Joshua Wong,1980-05-26
Melanie Campbell,1990-10-19
Alan Harris,1975-02-22
Anthony Wallace,1990-10-13
David Hernandez,1980-10-20
Brittany Hayes,1970-10-09
Nathaniel Lindsey,1999-10-16
Justin Davis,2005-10-17
Brandon Davila,2006-10-11
Jacob Copeland,1998-10-10
Timothy Maldonado,1997-10-09
Jennifer Cruz,1999-10-11
Pamela Wyatt,1997-10-10
Jennifer White,1999-10-08
Jamie Green,1988-10-12
Crystal Smith,1989-10-11
Shawn Montoya,1993-10-11
Jonathan Perez,1990-10-04
Holly Fuller,2004-10-12
Stephen Rivera,1990-10-04
John Mckinney,1995-08-02
Joseph Wade,2002-10-12
Jodi Morales,2003-10-13
Ashley Estrada,2000-10-01
Jill Wang,1996-05-02
Tiffany Reed,1995-10-11
Christopher Wilson,1987-10-12
Jose Woodard,1990-11-02
David Pennington,1999-10-11
Erika Miller,1989-10-01
John Parker,1999-10-11
Elizabeth Young,2005-10-11
Stephanie Lewis,2002-02-07
Samantha Williams,2000-10-11
Tracy Rosario,1990-11-02
Alan Hayes,1958-10-03
Samuel Johnson,1990-11-02
Jacob Hernandez,1995-10-02
Allen Perez,1999-12-16
Keith White,2000-10-04
Jose Nunez,1999-11-29
Shelly Edwards,2000-12-01
Catherine Daniels,2000-12-01
Robin Morton,1999-09-05
Danielle Daniels,2000-12-01
Martin Smith,2006-08-15
Charlene Allen,1988-07-13
Mary Martin,1984-06-12
Frank Carter,1976-07-25
Christopher Jackson,2001-06-20
Douglas Harris,1991-06-13
Rachel Williams,1989-07-12
Jennifer Hardin,1985-07-04
David Maxwell,1989-04-30
Raymond Diaz,2004-04-04
Patty Hill,1990-04-06
Kamali Boopathi,2000-06-23
Amanda Hernandez,2009-09-06
Patricia Frye,1995-06-05
Richard Rogers,1990-04-05
Michelle Jordan,1980-06-05
Pamela Flowers,2005-06-22
Terrance Hernandez,2000-12-08
Lisa Good,2001-08-15
Robert Young,1995-05-01
Billy Green,1991-09-30
Jessica Palmer,1990-10-10
Cassandra Martin,2010-10-10
Raj kumar,1987-02-02
Jeremy Ward,1990-01-02
Steven Guerra,1975-10-11
Sudha MA,1996-12-22
Anaas Mohamed,1998-11-20
Nuzha MeeraLebbe,1999-11-20
